id,pregunta
[1],Wait for AJAX response in Selenium
[1],maple- dimensionless numbers/ algsubs..eliminate?
[1],using sscanf to convert string to integer
[1],How to mention a user mentioned in the command discord js
[1],Read different lines in different files and write in one sentence
[1],Run angular in prod mode
[1],"tkinter Menu, multiple entries always calling the same callback"
[1],Draw one cirlce over another in swift (uikit)?
[1],System Resource Exceeded Exception thrown by OleDB when reading Open Office XML generated spreadsheets
[1],"Looking to add functionality to more than one button in the same panel in JFrame, Java"
[1],How to use the @Value annotation correctly?
[1],"How can i distinguish only-text image(like petition, invoice, page of a book etc.) from a normal image(like cat,person or traffic sign etc.)"
[1],RowRegistry is missing in .NET 5.0
[1],How do I refresh the server in node.js
[1],How can I implement a trait for iterators with different kinds of values?
